,performance,ondemand,powersave,interactive,prediction,conservative
freeciv_slice,0.000000,0.000000,0.000000,0.000000,0.000000,0.000000
stringsearch,3.984560,3.651845,2.658331,3.473082,3.672062,3.789832