,freeciv-case.txt,julius-nice.txt,rijndael.txt,sha.txt,stringsearch.txt,xpilot-doublenice.txt
policy_average , 0.38600805475 , 0.322780093025 , 0.251790555608 , 0.200038907703 , 0.00434830627591 , 0.0409252682542 ,
policy_pid , 0.589107115833 , 2.92104299353 , 1.80055075076 , 1.54710861756 , 0.00449318781093 , 0.0566794047893 ,
policy_data_dependent , 3.27720488473 , 0.260196997484 , 0.0380303561911 , 0.0710370255873 , 0.00437130615097 , 0.0639140629588 ,
policy_data_dependent_oracle , 2.19993827468 , 0.220495639196 , 0.0188297793605 , 0.0146103924754 , 0.00464255303769 , 0.026604407447 ,
