,freeciv-case.txt,julius-nice.txt,rijndael.txt,sha.txt,stringsearch.txt,xpilot-doublenice.txt
policy_average , 0.206484104501 , 0.428093645485 , 0.462686567164 , 0.539215686275 , 0.368618618619 , 0.382920110193 ,
policy_pid , 0.731192949323 , 0.401337792642 , 0.338308457711 , 0.28431372549 , 0.536786786787 , 0.600550964187 ,
policy_data_dependent , 0.542965061379 , 0.387959866221 , 0.353233830846 , 0.362745098039 , 0.343843843844 , 0.440771349862 ,
policy_data_dependent_oracle , 0.589235127479 , 0.270903010033 , 0.333333333333 , 0.372549019608 , 0.448948948949 , 0.312672176309 ,
