,freeciv-case.txt,julius-nice.txt,rijndael.txt,sha.txt,stringsearch.txt,xpilot-doublenice.txt
policy_average , 0.070821529745 , 0.384615384615 , 0.417910447761 , 0.43137254902 , 0.0578078078078 , 0.137741046832 ,
policy_pid , 0.146364494806 , 0.387959866221 , 0.283582089552 , 0.274509803922 , 0.0900900900901 , 0.201101928375 ,
policy_data_dependent , 0.514951211835 , 0.290969899666 , 0.134328358209 , 0.156862745098 , 0.0202702702703 , 0.17217630854 ,
policy_data_dependent_oracle , 0.58860560277 , 0.214046822742 , 0.119402985075 , 0.127450980392 , 0.0217717717718 , 0.108815426997 ,
