,freeciv-case.txt,julius-nice.txt,rijndael.txt,sha.txt,stringsearch.txt,xpilot-doublenice.txt
policy_average , 0.0692477179729 , 0.347826086957 , 0.373134328358 , 0.382352941176 , 0.0127627627628 , 0.0716253443526 ,
policy_pid , 0.106389675795 , 0.357859531773 , 0.253731343284 , 0.245098039216 , 0.0127627627628 , 0.108815426997 ,
policy_data_dependent , 0.511488825936 , 0.217391304348 , 0.0597014925373 , 0.0882352941176 , 0.0172672672673 , 0.0895316804408 ,
policy_data_dependent_oracle , 0.576329870947 , 0.177257525084 , 0.0597014925373 , 0.078431372549 , 0.0172672672673 , 0.0509641873278 ,
