,freeciv-case.txt,julius-nice.txt,rijndael.txt,sha.txt,stringsearch.txt,xpilot-doublenice.txt
policy_average , 0.0390305319484 , 0.207357859532 , 0.258706467662 , 0.225490196078 , 0.0015015015015 , 0.0316804407713 ,
policy_pid , 0.0535096002518 , 0.290969899666 , 0.199004975124 , 0.225490196078 , 0.00225225225225 , 0.0385674931129 ,
policy_data_dependent , 0.497954044696 , 0.130434782609 , 0.0298507462687 , 0.0294117647059 , 0.003003003003 , 0.0358126721763 ,
policy_data_dependent_oracle , 0.562795089707 , 0.0969899665552 , 0.0199004975124 , 0.0 , 0.0045045045045 , 0.0179063360882 ,
