,freeciv-case.txt,julius-nice.txt,rijndael.txt,sha.txt,stringsearch.txt,xpilot-doublenice.txt
policy_average , 0.000897445014479 , 0.00323992176162 , 0.150093850257 , 0.280836442002 , 0.461552372951 , 0.0259893519218 ,
policy_pid , 0.0416011912119 , 0.161468165139 , 0.467764501459 , 0.687694722412 , 0.467038460505 , 0.0345761318305 ,
policy_data_dependent , 0.0456357989527 , 0.00651294808527 , 0.197885667372 , 0.378619852205 , 0.463245304817 , 0.137573508661 ,
policy_data_dependent_oracle , 0.04992254038 , 0.047343391624 , 0.190793959748 , 0.364378834751 , 0.453692098261 , 0.0262524889087 ,
