,freeciv-case.txt,julius-nice.txt,rijndael.txt,sha.txt,stringsearch.txt,xpilot-doublenice.txt
policy_average , 297.845128813 , 28.8532551906 , 3.54119244187 , 1.36118530623 , 0.435139973401 , 3.80727088187 ,
policy_pid , 435.779722316 , 227.709608099 , 127.209205331 , 100.758470018 , 0.458086495592 , 4.80768470594 ,
policy_data_dependent , 284.9375 , 11.7702644472 , 1.60045827037 , 4.25816490046 , 0.508506934696 , 8.67588932806 ,
policy_data_dependent_oracle , 8.54372228381 , 17.154127586 , 0.663014926519 , 0.297264541062 , 0.519771454432 , 3.08004943438 ,
